N,P,K,pH,EC,OC,S,Zn,Fe,Cu,Mn,B,Output
138,8.6,560,7.46,0.62,0.7,5.9,0.24,0.31,0.77,8.71,0.11,0
213,7.5,338,7.62,0.75,1.06,25.4,0.3,0.86,1.54,2.89,2.29,0
163,9.6,718,7.59,0.51,1.11,14.3,0.3,0.86,1.57,2.7,2.03,0
157,6.8,475,7.64,0.58,0.94,26,0.34,0.54,1.53,2.65,1.82,0
270,9.9,444,7.63,0.4,0.86,11.8,0.25,0.76,1.69,2.43,2.26,1
220,8.6,444,7.43,0.65,0.72,11.7,0.37,0.66,0.9,2.19,1.82,0
220,7.2,222,7.62,0.43,0.81,7.4,0.34,0.69,1.05,2,1.88,0
207,7,401,7.63,0.59,0.69,7.6,0.32,0.68,0.62,2.43,1.68,0
289,8.6,560,7.58,0.44,0.67,7.3,0.63,0.66,0.94,2.43,1.79,1
138,8.1,739,7.55,0.33,0.78,9,0.69,0.41,1.15,2.75,2,0
151,8.1,549,7.59,0.45,0.97,9.6,0.71,0.38,1.33,2.79,2.41,1
144,7.2,306,7.53,0.73,0.89,9.2,0.63,0.47,1.03,2.79,2.38,0
138,5.3,444,7.68,0.6,0.78,9.7,0.73,0.36,1.32,3.32,2.12,2
144,8.3,549,7.45,0.53,0.81,10.2,0.51,0.56,1.26,2.9,2.29,0
201,7.7,676,7.39,0.77,0.72,9.7,0.58,0.47,1.02,3.77,2.56,1
182,9.2,718,7.47,0.34,0.67,10.6,0.77,0.41,1.28,3.04,2.79,0
238,7.5,771,7.38,0.88,0.75,11,0.46,0.38,1.16,2.96,1.32,0
270,8.1,655,7.45,0.55,0.67,10.2,0.28,0.44,1.26,7.75,2.56,1
213,6.1,803,7.38,0.78,0.61,10.5,0.3,0.49,0.66,7.74,1.85,0
245,8.1,560,7.31,0.63,0.78,11.6,0.29,0.43,0.57,7.73,0.74,0
282,8.3,454,7.43,0.62,0.75,11,0.32,0.5,0.81,4.99,2.65,1
213,8.3,676,7.36,0.51,0.69,23.6,0.28,0.93,1.04,2.17,1.97,0
207,9.4,127,7.62,0.68,0.75,27.2,0.28,0.72,1.04,2.43,0.94,0
307,8.3,11,7.49,0.84,0.69,15.8,0.26,0.57,0.73,2.13,2.47,1
207,7.2,496,7.55,0.61,0.64,26.2,0.24,0.47,1.15,1.99,1.94,0
201,5.5,359,7.44,0.76,0.78,26,0.18,0.83,0.71,2.24,1.91,0
364,7.5,507,7.63,0.52,0.69,14.6,0.23,1.19,0.39,2.16,2.82,1
220,8.3,560,7.42,0.63,0.61,15.8,0.19,1.08,0.34,1.77,0.74,0
245,8.3,560,7.58,0.74,0.83,8.2,0.32,0.96,1.57,2.67,0.59,0
207,7.7,676,7.41,0.42,1,15,0.27,0.92,1.43,3.12,1.85,0
276,8.3,401,7.34,0.53,0.72,14.8,0.28,0.57,1.34,2.15,2.18,1
207,5,560,7.4,0.84,0.67,25.4,0.27,0.46,1.53,2.43,2.12,0
245,5.7,465,7.29,0.63,0.61,22.4,0.25,0.44,1.24,2.11,0.74,0
169,8.1,549,8.23,0.58,0.56,21,0.2,0.38,1.15,3.01,2,1
182,5,560,7.62,0.52,0.47,22.4,0.73,0.46,1.14,2.72,1.97,0
220,8.3,760,7.48,0.59,0.67,24,0.83,0.37,1.99,3.84,0.88,0
138,5.7,401,7.42,0.72,0.78,26,0.37,0.32,1.34,3.77,2,1
238,8.3,697,7.59,0.43,0.83,25.4,0.45,0.43,1.43,2.65,2.29,0
151,8.1,517,7.46,0.43,0.86,16,0.36,0.38,1.92,2.88,0.59,0
207,7.9,612,7.44,0.55,1,14.6,0.45,0.47,1.47,3.16,1.88,0
138,8.3,581,7.63,0.86,0.53,7.2,0.76,0.35,1.42,5.07,2.47,0
182,10.7,708,7.48,0.57,1.11,14.2,0.59,0.92,1.15,6.69,0.65,0
138,7.5,612,7.54,0.72,0.54,16,0.29,0.95,1.91,4.64,2.53,0
207,8.3,370,7.52,0.44,1.03,17.4,0.31,0.81,1.43,4.98,2.41,0
295,8.6,676,7.41,0.48,0.97,26,0.38,0.71,1.97,5.15,2,1
289,5.7,338,7.64,0.57,0.72,14.6,0.18,1.06,0.92,2.46,1.85,1
207,7,444,7.55,0.57,0.83,8.6,0.18,0.96,0.93,2.15,2.18,0
138,8.1,718,7.48,0.63,0.94,12.6,0.19,1.02,1.15,2.24,2.47,0
138,8.3,454,7.65,0.58,1.03,14,0.25,1.05,1.19,2.16,2.82,0
82,7.9,496,7.37,0.51,1.06,11,0.2,1.03,1.04,2.35,1.82,1
107,8.3,612,7.43,0.43,0.75,7.2,0.18,0.95,0.89,2.16,0.74,0
38,7,370,7.57,0.42,1.08,14,0.18,0.86,1.04,2,2.23,1
88,7.2,655,7.46,0.44,1,13.1,0.18,0.78,1.03,2.27,1.94,2
19,5.3,708,7.38,0.29,1.06,12.8,0.17,0.76,0.92,2.88,2.21,0
56,7.7,444,7.32,0.67,0.83,11.2,0.23,0.95,0.88,2.65,1.82,0
50,8.3,475,7.36,0.34,0.83,11.6,0.43,0.59,0.89,2.2,1.32,1
38,7.5,454,7.4,0.48,0.92,8.8,0.3,1.29,1.71,4.99,2.59,0
25,8.1,591,7.33,0.43,0.78,14,0.46,0.35,1.74,2.38,2.29,0
82,7.2,507,7.63,0.44,0.61,27.2,0.56,0.35,1.6,2.66,2.82,1
88,7.7,708,7.52,0.37,0.78,21,0.19,0.74,1.43,2.42,2.29,0
144,7.2,623,7.57,0.54,0.92,22.8,0.37,0.51,1.69,6,2.26,0
213,8.6,718,7.59,0.68,0.86,23,0.3,0.46,1.53,9.53,2.82,1
282,5.7,454,7.48,0.46,0.81,16,0.32,0.5,1.34,3.7,2.47,1
264,9.4,475,7.52,0.43,0.78,14.8,0.27,0.61,1.41,2.88,2.41,1
301,7,507,7.46,0.42,0.69,23,0.23,0.46,1.02,2.71,1.71,1
226,7.5,348,7.62,0.31,0.75,11.3,0.78,0.4,1.04,2.43,1.29,0
307,5,327,7.58,0.56,0.61,11.6,0.46,0.68,1.14,2.79,1.23,1
326,5.9,517,7.41,0.32,0.81,25.7,0.5,0.65,1.16,2.27,1.35,1
251,5,391,7.59,0.62,0.89,11.7,0.56,0.64,1.03,7.75,1.38,1
213,4.8,444,7.55,0.47,0.75,11.8,0.63,0.5,1.02,7.71,1.53,0
195,5.5,507,7.57,0.37,0.69,11,0.28,0.48,0.91,1.89,1.65,0
31,5.9,581,7.33,0.71,0.83,11.2,0.37,0.54,1.13,1.99,1.59,0
69,6.8,465,7.51,0.46,0.78,11.7,0.32,0.49,1.06,2.1,1.53,0
182,7.5,391,7.57,0.53,0.78,11.8,0.37,0.53,1.02,7.77,1.32,0
19,6.4,454,7.49,0.6,0.61,10.4,0.48,0.63,0.86,2,1.29,0
132,5.5,655,7.31,0.71,0.67,11,0.38,1.07,1.71,4.43,2.41,0
163,7.7,517,7.32,0.49,0.75,12.6,0.35,3.42,1.6,10.61,2,0
182,8.1,507,7.23,0.73,0.81,10.2,0.37,2.19,1.52,2.75,2.06,0
295,5.5,433,7.34,0.46,0.75,13.6,0.42,0.6,1.22,2.53,2.26,1
201,5.7,253,7.51,0.63,0.83,3.2,0.44,0.77,1.16,3.76,2.12,0
6,5,465,7.47,0.42,0.81,14.5,0.48,0.5,1.21,2.62,2.35,0
56,6.6,401,7.46,0.57,0.89,9,0.47,0.64,1.18,3.66,2.18,0
132,8.3,444,7.62,0.43,0.75,13,0.45,1.2,1.25,2.76,2.65,0
69,8.1,338,7.5,0.63,0.78,8.4,0.37,2.12,1.03,2.84,2.26,0
270,7,391,7.4,0.61,0.67,27.1,0.42,1.18,1.04,2.76,1.62,1
326,7.5,401,7.3,0.23,0.56,26,0.52,2.08,1.68,3.43,2.12,1
351,8.6,454,7.5,0.38,0.72,19.5,0.48,2.06,1.26,2.77,1.85,1
13,8.3,644,7.5,0.71,0.67,13.9,0.45,1.06,1.05,3.63,2.29,0
314,8.1,454,7.4,0.59,0.75,23.9,0.36,0.59,1.25,2.76,2.21,1
282,8.3,465,7.4,0.76,0.61,2.5,0.38,0.74,1.43,2.74,0.94,1
6,7.5,412,7.4,0.41,0.81,6.5,0.46,0.5,1.47,2.97,2.65,0
270,8.6,486,7.4,0.67,0.89,28.6,0.71,0.59,1.24,2.89,2.41,1
220,5.5,539,7.6,0.42,0.83,8.5,0.39,0.52,1.21,2.5,2.21,0
151,4.8,454,7.3,0.77,0.75,8,0.36,0.67,1.24,2.76,2.06,0
201,5.3,507,7.6,0.53,0.39,10.86,0.32,9.32,0.69,9.03,0.69,0
151,5.9,581,7.6,0.48,0.88,4.52,0.42,4.05,1.06,5.3,0.29,0
75,7.9,327,7.8,0.66,0.1,7.24,0.5,7.32,0.87,6.32,0.4,0
232,5.9,275,7.7,0.43,0.68,5.43,0.47,6.52,1.52,8.05,0.32,0
207,7.5,549,7.7,0.72,0.49,3.32,0.36,4.56,1.96,13.02,0.67,0
264,6.4,496,7.9,0.38,0.78,3.92,0.52,8.06,1.32,14.52,0.46,1
188,5,454,7.6,0.74,0.2,5.13,0.34,3.59,1.54,17.56,0.55,0
326,6.8,486,7.8,0.82,1.07,4.22,0.58,4.58,0.86,11.52,0.74,1
295,4.8,327,7.6,0.43,0.88,3.32,0.42,7.63,0.51,9.03,0.86,1
126,8.6,454,7.7,0.62,0.39,7.54,0.32,9.32,1.35,4.85,0.27,0
207,6.8,327,7.6,0.71,0.68,7.84,0.57,4.02,1.25,6.32,0.23,0
213,7.2,338,7.7,0.43,0.2,4.22,0.58,9.63,0.86,8.32,0.34,0
69,4.4,507,7.7,0.53,0.1,5.13,0.39,4.02,1.03,13.05,0.25,0
220,5.9,539,7.5,0.42,0.29,5.73,0.33,8.32,1.45,9.63,0.32,0
163,8.1,496,7.5,0.77,1.17,6.33,0.51,6.03,1.32,7.63,0.4,0
138,6.1,348,7.4,0.41,0.88,4.52,0.28,4.85,0.85,13.05,0.29,0
88,7.5,444,7.5,0.76,0.1,7.84,0.52,4.05,1.63,7.63,0.34,0
195,4.8,422,7.4,0.52,0.29,5.73,0.33,8.32,1.45,9.63,0.32,0
251,6.8,391,7.6,0.36,0.88,4.22,0.48,5.02,0.63,6.03,0.25,0
207,7.5,412,7.4,0.61,0.1,5.73,0.52,9.32,1.02,11.63,0.78,0
195,6.6,433,7.5,0.6,0.49,9.65,0.39,7.15,1.58,12.02,2.29,0
220,4.6,401,7.7,0.52,0.78,4.22,0.24,4.02,1.3,7.51,0.29,0
251,7.5,380,7.6,0.76,1.07,10.86,0.28,5.21,0.69,12.21,0.53,0
238,7,570,7.7,0.53,0.88,5.43,0.63,3.26,1.05,5.25,0.61,0
119,8.3,444,7.6,0.76,0.49,7.84,0.41,4.05,2.02,4.85,0.46,0
163,5.9,444,7.5,0.53,0.68,9.65,0.52,2.89,1.58,13.25,0.29,0
207,8.3,612,7.5,0.46,0.2,4.22,0.35,6.32,0.68,8.5,0.55,0
138,5.9,602,7.5,0.42,1.17,5.13,0.6,7.51,0.78,6.32,0.74,0
126,7.2,433,7.5,0.65,0.98,8.75,0.52,3.15,1.05,7.15,0.9,0
157,6.8,475,7.4,0.45,0.88,7.84,0.48,4.32,1.96,9.52,0.31,0
201,6.6,655,7.6,0.64,0.1,6.33,0.41,1.69,1.57,11.05,0.53,0
257,8.6,465,7.4,0.44,0.78,4.52,0.36,6.23,0.68,14.15,0.4,0
201,7.7,327,7.5,0.6,0.59,10.26,0.25,4.05,0.5,12.3,0.32,0
257,6.4,422,7.5,0.59,0.39,5.43,0.28,2.68,1.26,19.21,0.55,0
251,8.1,539,7.6,0.72,0.68,6.64,0.37,3.51,1.03,14.52,0.59,0
201,4.8,496,7.5,0.53,0.49,5.43,0.25,5.69,2.02,7.68,0.65,0
333,7,422,7.5,0.48,0.1,9.65,0.39,3.9,1.89,13.25,0.53,1
320,8.3,359,7.4,0.53,1.17,5.13,0.52,4.12,0.87,6.17,0.4,1
232,5,560,7.4,0.76,0.29,4.25,0.42,2.05,1.05,12.05,0.31,0
326,5.3,549,7.6,0.82,0.59,8.75,0.57,1.98,1.63,6.38,0.73,1
195,5.5,507,7.4,0.61,0.1,10.86,0.35,3.25,0.78,4.51,0.21,0
345,6.8,496,7.7,0.57,0.88,9.65,0.29,6.3,1.51,9.32,0.34,1
257,8.1,634,7.6,0.81,0.39,4.52,0.57,7.21,1.63,11.5,0.53,1
251,4.8,444,7.4,0.54,0.59,7.24,0.48,4.15,0.98,13.52,0.4,0
226,6.1,644,7.4,0.56,0.29,5.43,0.29,3.26,1.05,14.25,0.29,0
264,7.2,496,7.6,0.62,0.1,9.95,0.34,6.53,1.87,6.25,0.42,1
213,6.8,612,7.7,0.6,0.78,5.13,0.51,1.87,1.6,9.32,0.25,0
132,6.4,517,7.5,0.61,0.49,7.54,0.46,5.02,0.69,7.15,0.71,0
195,6.6,750,7.5,0.53,0.68,5.73,0.28,6.33,0.7,11.56,0.78,0
50,8.1,454,7.6,0.74,1.17,10.26,0.33,4.51,1.3,6.25,0.29,0
201,5.3,634,7.5,0.68,0.88,4.52,0.51,6.23,1.89,7.05,0.53,0
100,8.3,676,7.6,0.59,0.1,8.75,0.27,4.05,0.52,15.62,0.4,0
232,7,444,7.6,0.62,1.27,10.56,0.39,7.35,0.66,7.53,0.27,0
69,5.9,612,7.6,0.52,0.68,4.22,0.51,6.49,1.05,9.32,0.31,0
31,4.6,581,7.5,0.63,1.17,8.14,0.6,4.05,1.96,4.15,0.52,0
63,8.3,496,7.4,0.62,0.88,6.94,0.57,6.32,1.32,12.58,0.63,0
132,8.1,433,7.5,0.51,0.78,26.24,0.33,5.21,3.02,4.52,0.55,0
201,8.6,507,7.7,0.72,0.1,4.22,0.49,8.51,0.75,6.32,0.76,0
358,8.3,338,7.4,0.64,0.78,7.54,0.35,2.48,1.53,11.89,0.5,1
63,7,422,7.6,0.57,0.59,4.83,0.26,3.15,1.96,9.06,0.38,0
195,7.5,444,7.5,0.64,0.15,9.9,0.34,3.77,0.97,7.83,0.17,0
207,5.9,507,7.5,0.55,0.44,3.8,0.35,3.24,0.88,7.94,0.19,0
126,8.3,496,7.6,0.61,0.47,9.6,0.4,3.56,0.74,8.65,0.09,0
88,7.2,391,7.6,0.63,0.29,6.5,0.26,3.66,0.54,8.4,0.08,0
163,9,338,7.5,0.47,0.97,7.2,0.26,3.84,0.65,9.27,0.11,0
138,7.7,454,7.6,0.58,0.32,7.5,0.33,3.94,0.6,9.04,0.12,0
188,4.6,549,7.7,0.53,0.27,7.9,0.34,3.49,0.43,8.45,0.12,0
195,8.3,475,7.6,0.42,0.15,11.3,0.29,3.56,0.55,8.66,0.17,0
195,8.1,327,7.61,0.67,0.21,8.6,0.23,3.43,0.7,8.53,0.18,0
264,7.2,444,7.47,0.45,0.35,6.4,0.15,3.95,0.76,8.65,0.11,1
182,7.7,507,7.46,0.53,0.29,4.4,0.25,2.35,0.55,7.54,0.14,0
188,5.3,496,7.52,0.44,0.35,13.1,0.36,3.19,0.69,7.99,0.17,0
132,6.8,570,7.43,0.52,0.38,8.9,0.36,2.96,0.8,8.66,0.18,0
213,5.3,433,7.48,0.77,0.47,6,0.37,2.77,0.87,8.94,0.11,0
144,8.3,370,7.46,0.68,0.53,3.7,0.25,2.55,0.99,8.35,0.08,0
182,5.9,549,7.57,0.78,0.35,5.6,0.29,2.96,0.97,8.6,0.14,0
182,4.8,433,7.62,0.44,0.29,6.9,0.37,3.16,0.87,8.76,0.16,0
132,7.2,560,7.54,0.81,0.12,7.2,0.39,3.53,0.95,9.23,0.18,0
138,6.1,454,7.73,0.66,0.97,7.7,0.37,2.95,1.1,7.65,0.11,0
207,5.9,391,7.58,0.78,0.76,8.9,0.29,2.54,1.2,7.9,0.13,0
113,5,370,7.6,0.82,0.71,10.1,0.19,2.75,0.97,7.96,0.18,0
220,7,359,7.67,0.78,0.35,9.6,0.29,2.6,0.85,8.27,0.11,0
126,8.1,338,7.4,0.67,0.29,9.9,0.34,2.66,0.97,8.55,0.12,0
163,6.8,327,7.37,0.51,0.38,8.9,0.35,2.93,0.97,8.34,0.12,0
201,7.7,454,7.31,0.44,0.47,9,0.26,3.24,1.05,8.45,0.11,0
100,8.3,570,7.44,0.41,0.35,13.7,0.34,3.09,1.2,9,0.12,0
69,7,560,7.36,0.47,0.41,4.4,0.29,3.06,1.07,9.26,0.12,0
289,7.9,465,7.42,0.43,0.35,8.9,0.36,3.24,0.77,9.73,0.14,1
333,7.5,507,7.53,0.54,0.44,9.6,0.23,2.75,0.85,8.45,0.17,0
314,7.2,391,7.61,0.52,0.47,3.7,0.34,2.83,0.9,8.66,0.18,1
301,6.8,496,7.57,0.68,1,13.1,0.25,2.65,0.97,8.34,0.11,1
289,8.3,507,7.45,0.49,0.29,4.6,0.4,2.96,0.97,8.25,0.12,1
220,5.9,454,7.43,0.67,0.12,8.9,0.33,3.14,0.85,8.97,0.12,0
232,7.7,549,7.38,0.43,0.44,7.2,0.34,3.25,0.74,8.37,0.17,0
176,7.5,539,7.54,0.65,0.47,6.9,0.35,3.54,0.85,9.05,0.18,0
188,6.4,496,7.59,0.48,0.35,7.2,0.34,2.76,1,9.76,0.11,0
88,6.8,539,7.43,0.52,0.53,4.4,0.25,2.84,0.83,9.84,0.12,0
82,7.5,507,7.61,0.47,0.5,11.3,0.37,2.96,0.94,8.94,0.17,0
169,5.9,338,7.57,0.41,0.65,8.6,0.27,3.15,0.99,9.09,0.19,0
245,6.1,496,7.42,0.58,0.24,2.5,0.24,2.84,0.94,7.73,0.07,0
270,7.9,253,7.48,0.57,0.59,3.1,0.24,2.49,0.52,7.74,0.14,1
345,8.1,338,7.31,0.41,0.85,6,0.34,2.42,0.65,8.64,0.15,1
333,7.7,275,7.54,0.55,0.47,7.5,0.36,2.53,0.46,8.66,0.18,1
282,6.8,306,7.29,0.62,0.44,6.4,0.27,2.65,0.57,8.45,0.1,1
282,8.3,486,7.47,0.51,0.71,3.2,0.26,2.66,0.64,8.57,0.14,1
270,8.1,296,7.41,0.63,0.76,4.2,0.34,2.48,0.63,8.67,0.15,1
289,6.1,359,7.39,0.58,0.44,6,0.33,2.36,0.66,7.73,0.09,1
201,7.5,391,7.41,0.54,0.53,7.2,0.23,2.38,0.77,7.84,0.22,0
213,8.3,444,7.35,0.67,0.88,6.3,0.26,2.28,0.48,8.44,0.24,0
270,6.4,539,7.57,0.61,0.26,4.8,0.27,2.47,0.52,6.95,0.21,1
207,5.9,348,7.54,0.59,0.29,3,0.37,3.44,0.64,7.46,0.18,0
295,8.3,602,7.68,0.51,0.62,3.1,0.34,2.54,0.43,7.32,0.1,1
251,5.3,338,7.73,0.57,0.82,3.2,0.23,2.68,0.44,7.24,0.09,0
276,6.8,507,7.51,0.41,0.5,4,0.24,2.67,0.57,6.44,0.18,1
163,7.5,359,7.62,0.67,0.47,4.5,0.24,2.75,0.64,6.56,0.21,0
213,7,327,7.71,0.67,0.74,5.1,0.25,3.46,0.76,8.47,0.1,0
207,6.1,454,7.4,0.43,0.12,2.5,0.35,3.93,0.88,8.68,0.06,0
200,6.8,391,7.67,0.72,0.35,3,0.37,2.93,0.96,8.65,0.07,0
301,7.2,412,7.71,0.64,0.32,4,0.29,2.63,0.83,7.76,0.09,1
188,6.4,422,7.78,0.56,0.53,4.2,0.23,2.72,0.43,7.74,0.08,0
201,7.5,465,7.71,0.48,0.5,5.1,0.22,2.87,0.72,7.72,0.18,0
207,5.9,243,7.62,0.45,0.76,7.2,0.24,2.47,0.73,7.63,0.21,0
307,6.6,401,7.53,0.71,0.82,3,0.34,2.93,0.67,7.84,0.24,1
207,7.7,380,7.64,0.67,0.26,4.2,0.26,3.93,0.68,8.85,0.27,0
326,8.3,285,7.38,0.82,0.88,4.3,0.27,3.63,0.63,8.96,0.18,1
270,6.8,296,7.59,0.33,0.56,5.1,0.26,3.74,0.74,8.73,0.15,1
195,4.8,496,7.43,0.67,0.85,3.5,0.27,2.45,0.74,6.73,0.18,0
182,8.3,338,7.61,0.58,0.88,4.2,0.26,2.56,0.71,7.83,0.16,0
295,4.8,348,7.77,0.61,0.24,2.5,0.25,2.84,0.12,7.73,0.07,1
151,7.5,327,7.63,0.73,0.29,4.8,0.33,2.49,0.63,7.23,0.18,0
333,5.9,391,7.44,0.66,0.26,5,0.26,3.51,0.25,7.35,0.15,1
157,6.4,327,7.45,0.34,0.5,5.1,0.35,2.56,0.14,8.75,0.14,0
370,5,496,7.62,0.41,0.76,6.2,0.34,2.44,0.25,8.36,0.09,1
163,5.9,317,7.43,0.38,0.59,3.5,0.34,3.43,0.16,8.32,0.1,0
377,6.8,327,7.51,0.85,0.26,4,0.25,3.63,1.08,7.84,0.13,1
264,7.9,391,7.34,0.61,0.24,3,0.25,2.44,0.22,7.44,0.21,1
358,7.2,359,7.49,0.67,0.5,2.5,0.26,2.64,0.29,7.55,0.19,1
320,4.6,422,7.38,0.53,0.76,6,0.24,2.74,0.18,7.66,0.07,1
126,7.5,444,7.67,0.7,0.74,7.1,0.35,2.43,1.96,7.77,0.1,0
333,6.8,327,7.53,0.62,0.38,3.5,0.26,3.44,0.45,7.84,0.12,1
213,8.6,348,7.62,0.64,0.15,4,0.27,3.45,0.86,8.43,0.13,0
245,5.9,285,7.61,0.71,0.24,4.8,0.34,2.56,0.1,7.54,0.15,0
157,5,401,7.58,0.45,0.21,3.5,0.32,2.67,0.64,7.45,0.19,0
213,5.7,507,7.66,0.63,0.47,4.8,0.33,2.74,0.73,7.68,0.18,0
82,7.5,391,7.65,0.78,0.76,6,0.27,4.44,0.83,7.73,0.21,0
195,5.9,422,7.66,0.53,0.74,7.1,0.27,3.44,0.43,8.74,0.25,0
100,6.8,560,7.71,0.67,1.03,6.2,0.38,2.45,1.54,8.25,0.07,0
238,5.7,454,7.61,0.62,1.09,3.5,0.34,2.56,1.1,7.36,0.14,0
213,59.2,539,7.54,0.44,0.82,4,0.33,2.67,0.64,7.58,0.1,0
6,7.2,285,7.42,0.53,0.82,2.8,0.34,2.68,0.73,7.34,0.12,0
257,6.4,243,7.43,0.58,0.26,3.9,0.34,3.74,0.84,8.94,0.13,0
188,5.7,317,7.52,0.62,0.29,4.2,0.25,3.43,0.09,8.84,0.08,0
144,8.3,296,7.47,0.58,0.53,3.5,0.24,3.43,0.93,7.45,0.09,0
238,6.8,327,7.54,0.43,0.79,4.8,0.35,2.44,0.93,7.36,0.09,0
157,5,444,7.33,0.59,0.76,6.2,0.34,2.45,0.83,7.98,0.18,0
195,6.8,391,7.48,0.37,0.15,3.5,0.23,2.56,0.62,7.35,0.1,0
63,5.9,454,7.53,0.65,0.12,6,0.23,3.43,0.43,8.24,0.18,0
238,7.2,444,7.51,0.58,0.1,5.43,0.38,7.05,1.56,8.63,0.73,0
163,7.5,560,7.43,0.59,0.49,7.54,0.51,4.63,0.85,12.84,0.48,0
232,6.1,391,7.47,0.63,0.2,10.26,0.6,8.02,1.53,9.63,0.32,0
132,6.8,327,7.71,0.61,0.59,5.13,0.79,6.32,1.87,7.51,0.55,0
207,7.5,444,7.64,0.44,0.39,8.75,0.53,5.5,1.25,13.25,0.42,0
195,8.1,327,7.62,0.62,0.29,6.33,0.48,9.06,0.63,18.54,0.25,0
138,6.6,317,7.53,0.53,1.07,11.16,0.35,7.51,0.8,11.69,0.34,0
251,7.5,359,7.41,0.51,0.68,4.52,0.29,4.56,1.35,12.58,0.69,0
207,6.8,433,7.57,0.62,0.39,8.14,0.62,8.04,1.74,9.63,0.8,0
307,7.2,338,7.41,0.42,0.78,11.76,0.47,5.26,0.65,11.53,0.57,1
264,5.3,422,7.67,0.63,0.49,6.64,0.51,9.26,0.84,8.56,0.48,0
201,7.5,348,7.63,0.43,0.1,5.43,0.38,7.51,1.32,17.59,0.34,0
257,8.1,444,7.62,0.51,0.59,3.62,0.57,8.02,1.85,9.53,0.42,0
144,5,327,7.71,0.71,0.39,7.84,0.36,5.03,0.69,11.06,0.31,0
251,5.7,275,7.53,0.54,0.88,9.35,0.47,9.22,1.02,5.09,0.44,0
182,7.5,338,7.51,0.61,0.29,2.8,0.24,2.84,0.94,7.73,0.14,0
289,14.5,549,7.18,0.64,0.26,3.1,0.23,2.44,0.42,6.74,0.24,1
75,8.1,327,7.61,0.51,0.53,4.2,0.25,3.33,0.56,6.75,0.18,0
220,9,401,7.67,0.62,0.79,3.5,0.23,2.87,0.47,7.76,0.21,0
282,7,401,7.71,0.48,0.18,2.5,0.24,2.48,0.67,7.64,0.1,1
195,6.6,391,7.65,0.54,0.24,3.5,0.34,2.43,0.74,4.64,0.12,0
176,8.6,507,7.67,0.58,0.79,4.8,0.27,3.56,0.64,5.73,0.09,0
182,7.7,444,7.72,0.56,0.82,4.1,0.27,2.68,0.55,6.77,0.06,0
226,8.3,465,7.68,0.62,0.5,6,0.27,2.48,0.44,6.77,0.19,0
257,7.9,380,7.7,0.64,0.47,7.2,0.34,3.44,0.67,6.84,0.09,0
276,9.2,338,7.71,0.48,0.76,3.5,0.24,2.54,0.64,7.77,0.12,1
270,9,475,7.65,0.44,0.71,4.8,0.24,3.63,0.74,7.75,0.15,1
295,78.9,454,7.76,0.39,0.41,5.2,0.25,2.74,0.44,8.73,0.21,1
232,7,465,7.62,0.54,0.44,6.2,0.36,2.82,0.64,8.52,0.1,0
245,9.6,528,7.77,0.52,0.74,3.5,0.27,2.43,0.63,7.46,0.08,0
251,9,444,7.65,0.6,0.71,4.2,0.28,3.74,0.73,8.63,0.07,0
213,8.6,433,7.63,0.65,0.24,5.3,0.39,3.74,0.65,7.72,0.18,0
339,7.5,665,7.6,0.55,0.68,4.2,0.28,3.85,0.43,6.73,0.21,1
351,14.9,327,7.4,0.44,0.82,3.8,0.29,2.46,0.63,7.72,0.1,1
264,5,486,7.5,0.46,0.5,4.2,0.27,2.47,0.66,8.75,0.12,0
358,12.3,612,7.3,0.53,0.5,3.5,0.24,2.58,0.74,8.72,0.12,1
370,11.2,655,7.1,0.67,0.24,4,0.23,2.63,0.73,8.43,0.15,1
333,7,581,7.8,0.68,0.53,4.1,0.23,3.73,0.75,7.53,0.18,1
282,9.9,391,7.2,0.52,0.15,4.3,0.24,3.77,0.65,7.64,0.1,1
257,7.5,887,7.5,0.29,0.79,4.5,0.26,2.84,0.67,6.76,0.12,1
301,12.9,634,7.6,0.6,0.82,6,0.24,2.43,0.78,7.68,0.12,1
333,6.6,729,7.2,0.31,0.38,7.1,0.24,2.94,0.83,7.63,0.15,1
195,11.2,348,7.1,0.52,0.44,3.5,0.34,2.94,0.94,8.44,0.15,0
314,11.4,475,7.4,0.31,0.41,4.5,0.26,2.85,0.45,6.58,0.1,1
351,6.8,813,7.5,0.43,0.24,3.5,0.28,2.48,0.12,7.72,0.07,1
339,8.1,549,7.3,0.36,0.26,4.1,0.27,2.58,0.63,7.44,0.09,1
264,14.3,486,7.4,0.65,0.59,5.2,0.27,2.47,0.45,7.54,0.08,1
169,5.3,327,7.6,0.34,0.78,4.52,0.26,5.26,1.02,6.32,0.48,0
333,7.9,465,7.5,0.68,0.88,7.84,0.38,2.51,0.86,15.02,0.59,1
370,9.4,729,7.3,0.59,0.1,5.13,0.51,8.05,0.53,11.25,0.29,1
326,6.8,433,7.1,0.57,0.78,6.64,0.24,4.21,1.25,4.51,0.42,1
251,10.7,528,7.4,0.42,0.59,4.22,0.22,9.02,1.03,9.32,0.32,1
301,4.4,507,7.3,0.31,0.29,5.43,0.37,10.52,0.87,10.52,0.67,1
270,10.5,560,7.2,0.3,1.07,6.64,0.48,7.45,1.54,15.33,0.27,1
320,7.5,475,7.1,0.34,0.78,3.62,0.25,6.32,0.96,4.85,0.48,1
282,9.4,570,7.5,0.65,0.39,5.13,0.39,2.05,1.02,12.06,0.34,1
301,9.9,549,7.6,0.33,0.98,7.54,0.45,8.12,0.53,8.54,0.42,1
295,7,602,7.2,0.68,0.49,9.65,0.26,6.02,0.55,10.26,0.31,1
339,10.3,729,7.4,0.66,0.1,4.22,0.33,7.45,1.23,13.26,0.61,1
201,6.6,539,7.5,0.6,0.29,5.43,0.28,4.12,1.09,17.54,0.34,0
320,7.9,486,7.6,0.59,0.88,6.64,0.27,6.33,0.63,11.02,0.46,1
289,10.7,549,7.3,0.37,0.39,4.83,0.45,5.02,1.84,19.22,0.17,1
251,6.8,528,7.2,0.24,0.68,9.65,0.29,9.32,0.53,11.32,0.29,0
276,12.7,612,7.4,0.42,0.59,5.43,0.33,1.54,0.78,7.63,0.5,1
370,11.8,686,7.5,0.61,0.49,7.24,0.26,2.63,0.66,12.05,0.61,1
207,12.3,496,7.6,0.57,0.2,5.73,0.35,8.55,1.25,14.51,0.32,0
295,7.2,348,7.8,0.55,0.1,7.54,0.24,6.33,1.02,3.25,0.42,1
351,14.7,380,7.9,0.43,0.78,3.92,0.27,4.02,1.84,9.32,0.29,1
282,5.5,570,7.3,0.48,1.07,6.64,0.49,3.25,0.59,7.15,0.4,1
307,7,422,8,0.56,0.2,5.13,0.32,8.05,0.74,8.21,0.25,1
364,8.6,718,7.4,0.53,0.68,4.22,0.25,1.96,0.48,14.05,0.42,1
257,13.4,433,7.9,0.51,1.17,9.65,0.29,3.02,1.33,15.02,0.32,1
251,10.5,412,7.3,0.59,0.88,5.43,0.33,4.51,1.42,8.26,0.46,1
326,9.2,560,7.6,0.64,0.98,8.75,0.45,6.33,0.91,6.23,0.29,1
270,6.6,591,7.8,0.3,0.59,3.32,0.28,7.02,0.83,9.24,0.44,1
339,9.6,655,7.3,0.35,0.39,5.13,0.56,3.05,1.02,11.05,0.34,1
207,7.2,581,8.1,0.32,0.1,7.84,0.25,2.08,1.85,17.56,0.63,0
351,9.9,570,7.4,0.36,0.68,9.65,0.33,3.79,1.33,13.05,0.31,1
282,8.3,708,7.2,0.68,0.88,5.43,0.26,2.6,0.87,6.33,0.17,1
151,6.8,517,7.3,0.75,0.2,4.22,0.27,6.52,0.62,11.36,0.4,0
295,9.9,486,7.4,0.21,0.39,6.64,0.32,3.21,1.25,5.25,0.23,1
270,7.9,612,7.5,0.45,0.59,5.43,0.28,4.21,0.94,7.32,0.34,0
238,3.9,391,7.6,0.57,0.1,8.75,0.51,2.15,0.63,13.54,0.61,0
264,9.4,876,7.8,0.38,0.29,3.92,0.26,3.51,0.69,11.68,0.46,1
370,9.2,644,7.9,0.61,0.78,5.13,0.33,7.21,1.25,3.47,0.36,1
289,7.5,486,7.8,0.46,1.17,6.64,0.27,3.02,1.85,5.69,0.69,1
251,9.4,454,7.8,0.39,0.88,4.52,0.48,2.77,0.87,8.23,0.53,0
320,8.1,507,8.3,0.65,0.1,8.45,0.52,5.66,1.32,14.05,0.4,1
333,7.7,570,7.4,0.37,0.98,4.22,0.26,3.14,1.54,19.25,0.55,1
282,4.8,560,7.8,0.45,0.88,9.95,0.39,6.02,0.86,13.42,0.73,1
264,7.9,602,7.6,0.49,0.1,4.83,0.51,4.22,0.53,5.15,0.48,0
257,6.8,475,7.5,0.41,0.78,8.45,0.28,4.05,0.84,6.8,0.23,0
276,12.9,517,7.6,0.48,0.59,4.52,0.47,3.39,1.02,14.5,0.27,1
364,8.3,581,7.8,0.43,0.68,9.95,0.25,4.22,1.98,16.23,0.5,1
358,11.2,591,7.9,0.59,1.17,4.22,0.32,2.58,1.25,5.47,0.73,1
351,11,539,7.3,0.51,0.88,6.64,0.29,5.33,1.05,8.32,0.34,1
370,7,623,7.4,0.65,1.27,5.13,0.33,4.21,1.47,9.24,0.32,1
314,7.2,528,7.9,0.69,0.78,6.33,0.45,2.63,0.96,11.06,0.5,1
201,6.8,433,7.23,0.33,0.49,4.83,0.26,4.05,0.43,4.78,0.25,0
213,7.5,475,7.16,0.3,0.1,6.64,0.38,6.21,0.58,19.25,0.4,0
169,8.3,570,7.03,0.36,0.68,5.13,0.6,7.22,0.85,3.89,0.34,0
201,5.9,560,7,0.42,0.88,8.14,0.48,6.05,1.02,6.02,0.55,0
270,5,602,7,0.36,0.39,10.56,0.32,3.54,1.47,11.57,0.67,0
238,7,475,6.96,0.44,1.17,5.73,0.28,5.63,1.25,5.32,0.52,0
176,6.1,444,9.97,0.35,0.78,8.14,0.74,4.36,0.54,12.05,0.34,0
245,8.6,454,7,0.36,0.1,9.95,0.59,3.05,0.63,7.48,0.55,0
201,7.2,454,7.16,0.4,0.39,8.75,0.32,4.63,0.95,6.32,0.69,0
207,7.2,655,7.02,0.32,0.59,5.43,0.48,5.74,1.25,14.85,0.53,0
257,5.3,644,7.01,0.33,0.29,9.95,0.62,5.63,1.39,12.05,0.71,0
220,7.5,539,7.05,0.38,0.68,12.07,0.43,8.52,0.78,8.62,0.29,0
295,5.5,412,7,0.41,0.49,7.84,0.24,3.55,0.54,13.47,0.53,1
213,5.9,454,7.05,0.37,0.29,5.43,0.51,3.02,1.25,9.06,0.36,0
201,6.8,475,7.07,0.26,0.1,3.92,0.38,4.15,0.39,13.26,0.63,0
345,6.8,475,7,0.67,0.88,5.13,0.5,6.52,0.41,14.15,0.27,1
188,5.9,539,7.14,0.6,0.39,8.45,0.46,7.54,1.05,11.25,0.53,0
207,6.8,560,7.17,0.66,0.78,6.94,0.32,6.32,1.39,10.25,0.5,0
320,8.3,591,7.08,0.39,0.2,5.13,0.33,8.05,0.25,18.25,0.25,0
220,5.7,591,7.12,0.3,0.59,6.64,0.46,3.59,1.36,9.05,0.32,0
213,7,623,7.1,0.32,0.29,5.73,0.59,5.55,1.08,12.06,0.29,0
264,7.5,655,7.19,0.65,0.98,7.24,0.38,8.06,0.65,13.22,0.42,0
195,8.1,612,7.15,0.64,0.1,3.32,0.26,3.47,0.93,11.52,0.34,0
182,7.5,465,7.31,0.52,0.88,7.84,0.7,9.55,0.84,10.52,0.63,0
201,6.4,444,7.14,0.59,0.2,3.92,0.63,4.85,1.23,7.54,0.17,0
232,7.5,750,7.16,0.62,0.68,7.24,0.4,3.86,1.58,9.06,0.29,0
169,7.2,718,7.17,0.82,0.1,11.46,0.49,7.54,1.04,8.52,0.32,0
238,5.7,655,7.21,0.59,0.88,7.54,0.53,4.25,0.68,12.03,0.5,0
201,5.9,665,7.23,0.62,0.49,5.73,0.61,6.85,0.79,14.86,0.73,0
69,5,718,7.21,0.57,0.39,10.86,0.38,7.05,0.32,7.52,0.8,0
213,4.8,602,7.24,0.48,0.68,4.22,0.42,8.85,1.05,12.33,0.48,0
207,6.8,623,7.24,0.53,0.78,5.13,0.5,4.68,1.45,11.85,0.36,0
213,6.6,433,7.21,0.57,0.2,8.75,0.37,9.32,0.96,16.05,0.42,0
314,6.8,412,7.19,0.32,1.07,9.95,0.61,7.86,1.03,5.96,0.34,1
138,6.4,454,7.21,0.89,0.88,8.75,0.59,4.51,1.85,7.45,0.63,0
195,8.1,549,7.24,0.57,1.17,3.32,0.4,3.78,1.49,12.63,0.27,0
201,8.3,528,7.3,0.49,0.1,5.43,0.39,8.05,1.3,18.52,0.21,0
151,7.5,539,7.26,0.55,0.68,7.84,0.6,6.55,0.52,10.96,0.52,0
201,8.6,539,7.2,0.67,0.49,11.16,0.43,7.41,1.23,16.53,0.59,0
82,7.5,644,7.18,0.45,0.88,12.07,0.28,3.89,0.87,6.32,0.42,0
207,5.5,444,7.27,0.45,0.78,8.75,0.36,4.58,0.69,14.02,0.34,0
201,8.6,475,7.22,0.64,0.59,8.14,0.55,7.08,1.05,19.32,0.36,0
132,8.3,507,7.21,0.44,0.29,6.03,0.6,6.32,1.56,11.25,0.59,0
264,4.8,549,7.27,0.78,1.07,8.45,0.41,4.58,0.86,8.02,0.29,0
301,6.8,644,7.22,0.69,0.78,9.35,0.66,7.05,1.32,13.22,0.38,1
195,5.9,433,7.26,0.7,0.39,5.13,0.38,6.58,1.02,10.52,0.5,0
238,6.8,475,7.25,0.6,0.29,5.43,0.28,4.85,0.63,7.54,0.36,0
138,8.1,644,7.31,0.31,0.1,9.05,0.51,7.05,0.57,16.32,0.4,0
213,6.8,444,7.07,0.43,0.78,5.73,0.39,3.86,1.25,8.22,0.27,0
201,7.5,465,7.03,0.37,1.07,7.84,0.47,4.15,1.33,14.33,0.32,0
163,7.7,507,7.14,0.31,0.88,5.43,0.56,9.52,0.95,4.96,0.48,0
88,7.2,655,7.07,0.28,0.49,7.24,0.33,7.55,1.02,3.25,0.36,0
50,8.6,539,7.06,0.39,0.68,3.32,0.28,2.36,1.33,8.15,0.46,0
220,6.1,560,7.07,0.28,0.29,5.13,0.51,8.25,0.94,11.36,0.25,0
169,8.1,475,7.17,0.34,0.78,5.73,0.39,1.25,0.67,7.54,0.34,0
207,7,539,7.12,0.32,0.2,7.84,0.25,9.02,1.25,10.22,0.48,0
144,6.8,422,7.1,0.31,0.78,6.94,0.37,4.15,1.03,9.06,0.31,0
251,6.4,644,7.12,0.32,0.1,5.43,0.47,3.22,1.93,15.23,0.4,0
195,8.1,581,7.15,0.41,0.68,9.65,0.28,7.55,0.84,17.54,0.53,0
201,8.3,539,7.12,0.4,1.17,4.52,0.32,6.35,1.02,13.22,0.63,0
88,7.7,539,7.12,0.35,0.88,6.64,0.58,8.52,0.57,10.25,0.31,0
201,8.6,570,7.11,0.38,0.2,5.13,0.24,4.02,1.25,6.32,0.21,0
257,6.8,475,7.14,0.33,0.59,4.22,0.39,9.63,0.63,8.54,0.53,0
176,4.8,496,7.15,0.32,0.39,6.64,0.22,1.58,1.22,12.03,0.67,0
201,8.3,655,7.15,0.36,0.1,5.43,0.58,7.25,1.54,9.62,0.27,0
88,9,539,7.14,0.29,1.07,7.84,0.42,6.32,0.86,14,0.53,0
232,8.1,412,7.21,0.29,0.78,10.56,0.32,4.15,1.02,13.25,0.63,0
320,7.5,401,7.22,0.4,0.49,4.22,0.27,8.33,0.94,7.54,0.31,1
201,6.6,560,7.23,0.36,0.39,4.52,0.51,7.12,1.25,9.33,0.46,0
69,9,465,7.2,0.52,0.88,8.45,0.28,4.11,1.02,11.52,0.59,0
220,5.5,391,7.23,0.29,0.29,4.22,0.33,6.32,0.96,12.05,0.34,0
138,8.6,475,7.28,0.27,0.68,4.83,0.39,2.52,0.74,14.51,0.42,0
232,6.6,581,7.3,0.31,0.2,6.94,0.25,1.36,1.25,9.63,0.27,0
301,6.8,634,7.29,0.43,0.49,5.13,0.47,7.05,1.33,12.44,0.55,1
195,7,655,7.3,0.36,0.1,7.54,0.26,1.52,0.94,7.85,0.61,0
326,8.3,475,7.35,0.38,0.59,11.76,0.35,4.55,1.25,13.26,0.32,1
213,8.3,433,7.35,0.36,1.07,4.22,0.28,6.32,1.03,8.54,0.42,0
169,5.9,539,7.29,0.33,0.39,7.54,0.36,5.21,1.25,5.21,0.48,0
182,6.8,560,7.18,0.31,0.88,4.22,0.42,3.26,0.96,12.03,0.4,0
94,4.8,560,7.32,0.32,0.1,6.94,0.51,7.51,1.25,17.11,0.32,0
295,7.2,454,7.35,0.34,0.68,4.52,0.38,4.02,1.02,10.25,0.25,1
320,7.5,433,7.46,0.7,1.07,8.14,0.22,9.32,0.78,9.32,0.5,1
201,4.6,433,7.37,0.39,0.59,10.86,0.29,1.05,0.54,5.26,0.34,0
213,5.7,496,7.49,0.78,0.78,4.52,0.36,5.26,1.26,7.54,0.42,0
207,7,528,7.39,0.45,0.2,7.84,0.37,8.33,1.32,13.25,0.27,0
94,7.7,486,7.42,0.41,1.17,3.92,0.54,4.21,1.05,8.55,0.36,0
295,7,433,7.41,0.35,0.49,8.45,0.48,2.05,2.01,6.36,0.61,1
195,8.3,454,7.44,0.3,0.88,6.64,0.26,3.22,1.56,10.25,0.29,0
364,8.1,486,7.45,0.49,0.1,9.35,0.35,7.12,0.98,7.54,0.5,1
201,8.1,444,7.51,0.51,0.68,3.62,0.48,6.32,0.76,13.22,0.32,0
220,6.4,433,7.53,0.62,0.78,4.83,0.22,1.52,1.93,9.02,0.67,0
207,7.2,444,7.54,0.42,0.29,6.64,0.37,8.02,1.42,11.05,0.34,0
201,7.2,338,7.49,0.67,0.88,5.43,0.48,4.22,0.84,6.35,0.46,0
295,7.2,412,7.61,0.41,1.07,4.22,0.51,3.58,0.63,17.54,0.34,1
195,8.1,433,7.53,0.53,0.59,6.33,0.29,8.06,1.22,13.22,0.42,0
276,8.1,581,7.92,0.61,0.39,5.13,0.33,4.56,1.08,11.05,0.31,1
207,6.8,560,8.02,0.6,1.17,9.65,0.55,3.54,1.54,14.52,0.61,0
295,7.7,539,8.05,0.6,0.88,5.43,0.28,8.78,0.96,10.63,0.32,1
264,7.9,370,7.81,0.58,0.39,6.64,0.42,6.23,1.32,6.58,0.29,1
320,9.4,454,7.86,0.61,0.1,11.46,0.39,6.14,1.25,4.51,0.42,1
289,11,391,7.65,0.72,0.98,10.56,0.33,5.2,0.5,9.3,0.34,1
314,8.3,412,7.23,0.67,0.2,8.14,0.21,4.59,1.63,11.56,0.29,1
345,5.9,549,7.7,0.65,0.68,7.84,0.25,2.15,1.25,9.64,0.36,1
238,10.7,612,7.77,0.6,0.88,3.92,0.47,3.56,1.3,3.74,0.23,1
320,7.7,401,7.7,0.58,0.49,4.22,0.51,4.67,0.86,9.05,0.34,1
307,12.3,412,7.62,0.55,0.68,5.43,0.63,5.47,0.59,12.47,0.69,1
326,11.2,539,7.57,0.61,0.39,7.24,0.29,2.69,0.47,8.63,0.32,1
314,7.5,306,7.64,0.58,0.2,4.83,0.32,4.28,0.9,11.03,0.48,1
245,9.4,359,7.71,0.59,0.88,8.45,0.28,5.31,1.59,7.98,0.34,1
289,6.1,602,7.59,0.64,0.1,6.33,0.51,1.92,1.36,6.48,0.42,1
339,10.7,486,7.58,0.61,0.49,5.13,0.46,2.56,1.87,5.21,0.55,1
333,11.2,412,7.66,0.65,0.68,8.75,0.38,3.68,0.86,4.96,0.67,1
176,11.6,401,7.82,0.63,0.29,10.86,0.55,4.69,1.59,12.36,0.27,0
358,9.2,370,7.59,0.69,1.07,5.13,0.3,3.55,2.02,7.51,0.34,1
345,5.5,391,7.68,0.61,0.68,6.33,0.28,6.98,1.45,3.48,0.5,1
132,5.9,475,7.62,0.63,0.88,8.75,0.51,8.59,0.63,15.96,0.32,0
333,7.2,612,7.64,0.59,1.17,11.16,0.37,7.15,0.85,9.02,0.61,1
245,7.5,686,7.56,0.59,0.1,4.22,0.62,5.58,1.09,6.23,0.31,0
345,6.8,327,7.58,0.58,0.68,8.45,0.32,3.87,1.57,7.02,0.21,1
188,6.4,412,7.57,0.59,0.2,11.16,0.51,4.25,0.96,9.32,0.55,0
276,7,348,7.58,0.66,0.39,8.45,0.66,9.17,0.54,14.68,0.52,1
264,6.8,412,7.53,0.59,0.1,6.64,0.37,6.54,1.08,9.54,0.67,1
295,6.6,359,7.46,0.7,1.17,5.13,0.25,5.38,1.77,11.06,0.27,1
238,6.8,380,7.56,0.61,0.68,3.92,0.31,4.26,0.39,7.58,0.29,0
289,7.5,433,7.48,0.6,0.1,4.52,0.26,3.39,1.09,16.48,0.23,1
188,6.8,507,7.51,0.55,1.17,10.56,0.41,8.47,1.36,11.56,0.34,0
276,6.6,380,7.57,0.58,0.88,7.24,0.55,2.53,0.58,7.52,0.5,1
326,6.8,264,7.51,0.72,0.68,5.13,0.37,5.95,1.25,15.6,0.4,1
307,7,539,7.45,0.78,0.49,6.64,0.48,4.6,1.87,12.03,0.27,1
207,7.5,348,7.62,0.62,0.1,4.83,0.25,7.56,0.44,7.5,0.53,0
257,5.9,602,7.66,0.61,0.88,8.14,0.36,3.95,0.98,19.32,0.5,0
358,8.6,517,7.78,0.58,0.2,4.52,0.58,5.68,1.05,11.48,0.48,1
25,4.8,338,7.72,0.55,0.39,11.46,0.61,4.55,1.36,9.32,0.25,0
176,4.6,433,7.55,0.42,1.17,7.24,0.47,7.23,0.84,7.51,0.32,0
345,5.3,306,7.51,0.38,1.07,5.43,0.24,5.91,0.32,6.23,0.55,1
126,6.8,391,7.52,0.72,0.88,7.84,0.39,4.21,1.02,8.05,0.67,0
264,7.2,370,7.68,0.66,1.27,10.56,0.6,6.52,1.57,11.05,0.4,0
245,7.5,401,7.61,0.63,0.78,12.07,0.52,5.27,1.96,6.34,0.29,1
320,8.6,591,7.62,0.71,0.1,8.75,0.47,8.26,0.83,12.47,0.53,1
339,7.5,517,7.78,0.73,0.1,6.94,0.33,9.32,1.25,11.42,0.42,1
333,6.8,422,7.72,0.82,0.78,11.46,0.32,7.34,1.26,9.5,0.25,1
264,18.4,517,7.68,0.62,0.78,11.46,0.29,10.25,1.06,17.54,0.34,1
320,20.4,401,7.62,0.68,0.39,4.22,0.26,7.54,0.87,11.63,0.61,2
289,19.3,507,7.51,0.71,0.88,6.64,0.37,6.32,0.63,10.25,0.36,1
276,18.2,591,7.48,0.7,0.29,4.52,0.54,7.21,1.25,18.32,0.42,1
295,19.5,539,7.39,0.68,0.68,8.45,0.28,4.02,0.84,4.05,0.29,1
333,20.8,370,7.45,0.55,0.2,4.83,0.55,8.32,1.25,12.03,0.5,2
351,21.5,718,7.58,0.38,1.07,6.64,0.37,4.55,0.83,6.32,0.21,2
320,20.4,433,7.68,0.42,0.78,3.92,0.48,6.32,1.02,7.54,0.32,2
339,21.1,454,7.73,0.65,0.88,7.54,0.22,4.21,0.87,13.25,0.46,2
245,7.5,422,8,0.62,0.39,4.22,0.26,9.05,1.25,9.63,0.34,0
282,9.2,338,7.4,0.51,0.2,8.45,0.59,3.22,1.36,14.02,0.61,1
264,10.7,444,7.8,0.54,0.68,10.86,0.45,8.22,0.91,10.25,0.29,1
320,8.1,422,7.6,0.55,0.29,9.95,0.51,6.03,0.84,8.32,0.8,1
314,12.7,359,7.5,0.49,0.78,5.13,0.33,4.21,0.53,11.36,0.36,1
282,6.8,338,7.8,0.61,0.39,4.52,0.26,7.12,1.22,9.32,0.4,1
169,8.1,370,7.9,0.58,1.07,7.24,0.47,10.55,0.78,4.15,0.34,0
245,10.5,327,7.4,0.43,0.49,8.75,0.51,4.02,1.02,17.54,0.42,1
257,8.6,380,7.5,0.52,0.78,3.62,0.23,6.32,1.36,12.03,0.25,1
264,7.7,465,7.6,0.64,0.29,10.86,0.28,8.22,0.84,10.55,0.32,1
333,9.2,380,7.4,0.61,0.59,4.52,0.51,4.49,0.49,16.03,0.32,1
320,12.7,348,7.3,0.44,0.29,7.84,0.36,5.32,1.05,7.05,0.48,1
307,9,370,7.2,0.65,0.68,9.95,0.25,9.26,0.78,6.32,0.36,1
276,8.6,338,7.1,0.58,1.17,8.45,0.31,7.42,0.64,12.47,0.21,1
270,14.7,465,7.4,0.49,0.1,11.16,0.51,3.64,0.59,9.8,0.32,1
282,9.9,422,7.8,0.43,0.78,4.52,0.27,5.19,1.09,3.59,0.53,1
301,7.2,370,7.9,0.47,1.07,7.84,0.38,6.38,0.47,7.51,0.67,1
295,8.1,401,7.3,0.44,0.59,8.45,0.54,4.62,1.58,6.3,0.27,1
307,10.1,391,7.2,0.53,0.2,6.33,0.27,2.88,0.63,12.05,0.36,1
264,10.5,444,7.87,0.66,0.39,10.56,0.37,4.1,0.74,14.58,0.4,1
301,9.9,359,0.9,0.52,0.88,8.14,0.43,6.33,1.25,8.96,0.32,1
270,9,412,7.57,0.32,0.68,7.84,0.52,4.58,1.03,11.36,0.25,1
314,8.6,391,0.9,0.56,0.98,3.92,0.51,1.78,0.6,7.58,0.21,1
345,8.8,444,7.8,0.31,0.78,4.22,0.57,2.91,1.42,19.02,0.55,1
307,8.3,359,7.6,0.68,1.07,5.43,0.36,7.82,0.87,13.26,0.67,1
333,8.6,359,8,0.35,0.68,7.24,0.58,2.55,0.43,12.56,0.42,1
358,6.8,486,8.3,0.33,0.59,4.83,0.34,9.17,1.05,8.05,0.31,1
257,7.5,507,7.3,0.37,0.88,8.45,0.29,4.42,1.25,13.06,0.31,1
295,2.9,612,7.85,0.83,0.2,6.33,0.33,8.61,1.88,4.25,0.21,1
276,10.7,655,8.4,0.45,1.07,5.13,0.58,3.32,2.01,9.6,0.32,1
301,12.7,422,8.95,0.39,0.49,8.75,0.67,5.91,0.89,13.52,0.44,1
282,15.6,602,9.5,0.42,0.2,5.13,0.6,5.7,1.07,7.54,0.34,1
295,13.4,412,10.05,0.73,0.68,6.33,0.52,3.31,1.89,3.25,0.48,1
326,11.8,444,10.6,0.88,0.88,8.75,0.43,6.52,0.85,8.05,0.27,1
358,12.5,581,11.15,0.51,0.49,11.16,0.28,4.13,1.23,11.03,0.36,2
264,10.3,475,7.49,0.74,0.78,4.22,0.66,9.31,0.78,6.05,0.44,1
333,14.9,422,8.26,0.48,1.17,8.45,0.51,3.32,1.08,9.21,0.32,2
320,13.8,391,7.38,0.65,0.88,11.16,0.39,6.67,0.65,8.12,0.48,2
282,5.5,665,7.8,0.44,0.1,8.45,0.45,5.51,0.93,12.36,0.31,1
326,10.7,612,7.9,0.4,0.49,6.64,0.36,6.4,0.84,6.35,0.48,1
295,11.8,697,7.6,0.56,0.68,5.13,0.85,5.72,1.23,11.06,0.27,1
276,6.1,655,7.4,0.33,0.2,3.92,0.52,6.67,1.58,7.35,0.34,1
182,8.1,370,7.5,0.68,0.78,4.52,0.33,3.33,1.04,15.21,0.29,0
289,9.4,634,7.1,0.51,0.29,7.24,0.4,9.67,0.68,6.03,0.21,1
257,76.8,813,7.9,0.45,1.07,5.73,0.48,6.51,0.79,4.52,0.31,1
364,7.2,644,7.5,0.42,0.88,10.56,0.63,4.42,0.32,12.32,0.32,1
201,9,623,7.6,0.37,0.2,6.33,0.42,6.52,1.05,5.03,0.25,0
333,7,676,7.3,0.69,1.17,4.83,0.52,3.39,1.45,9.65,0.5,1
320,12.3,676,7.9,0.5,0.59,9.95,0.38,8.24,0.96,11.05,0.27,1
251,6.6,444,7.5,0.63,0.39,5.43,0.42,1.78,1.03,6.32,0.4,0
339,5.7,697,8,0.65,0.68,8.75,0.32,6.25,1.85,15.47,0.42,1
326,11.2,539,7.3,0.21,0.1,6.33,0.52,4.12,1.49,3.05,0.29,1
289,7.5,708,8.1,0.37,0.59,4.22,0.38,6.58,1.3,12.06,0.46,1
314,9.2,370,7.4,0.69,0.39,5.43,0.24,2.51,0.52,11.48,0.32,1
345,8.3,560,7.8,0.51,0.2,6.94,0.39,7.5,1.23,14.21,0.44,1
270,6.6,338,7.1,0.42,1.07,4.52,0.5,3.02,0.87,9.33,0.36,1
195,4.8,422,7.9,0.56,0.88,8.45,0.39,4.51,0.69,6.54,0.48,0
364,12.9,401,8.4,0.54,0.2,9.35,0.45,1.02,1.05,12.03,0.59,1
314,8.1,570,8.1,0.78,0.68,5.13,0.22,2.25,1.56,15.26,0.27,1
358,7.2,327,8.2,0.5,0.29,7.24,0.37,3.15,0.86,6.32,0.21,1
257,11.2,412,8,0.31,1.07,5.43,0.45,6.21,1.32,11.54,0.29,0
245,5.9,686,7.9,0.56,0.68,7.84,0.61,7.45,1.47,9.03,0.53,0
276,5.5,348,7.3,0.62,0.2,3.92,0.28,5.32,0.74,2.78,0.4,1
326,11.2,708,7.4,0.55,0.59,5.43,0.32,6.03,0.86,13.26,0.31,1
282,5.3,834,7.5,0.58,0.39,9.35,0.28,2.15,1.32,7.05,0.53,1
270,6.1,697,7,0.4,0.68,6.64,0.51,2.14,0.96,9.21,0.52,1
295,4.4,634,7.9,0.53,1.17,5.13,0.46,3.21,1.25,14.05,0.48,1
289,5.7,612,7.5,0.67,0.59,11.76,0.39,5.21,1.3,2.68,0.44,1
314,11.8,359,7.6,0.52,1.27,6.33,0.52,2.15,0.86,3.59,0.27,1
245,6.6,655,7.8,0.59,0.1,5.13,0.3,1.05,0.59,7.12,0.55,0
257,7.2,697,7.9,0.64,0.78,6.64,0.29,2.06,0.47,16.03,0.73,0
301,6.4,327,8.1,0.67,0.39,9.05,0.32,3.32,0.9,14.59,0.5,1
351,12.3,475,7.4,0.45,0.88,8.45,0.47,1.58,1.59,2.15,0.46,1
276,7.2,348,7.5,0.69,0.2,10.26,0.56,2.69,1.36,9.32,0.29,1
264,6.1,644,7.6,0.33,0.68,9.95,0.28,3.21,1.87,11.05,0.32,0
358,11.4,401,7.8,0.54,0.49,8.45,0.31,3.57,0.86,7.36,0.21,1
220,7,634,7.9,0.62,0.1,4.52,0.22,2.6,1.59,14.52,0.53,0
270,7.7,771,7.1,0.2,0.78,8.75,0.35,7.32,2.02,19.03,0.44,1
245,5.5,391,7.8,0.54,0.29,11.46,0.39,6.21,1.45,11.25,0.29,0
251,6.4,655,7.5,0.68,1.07,4.52,0.28,4.51,0.63,2.69,0.46,0
301,8.1,729,7.6,0.36,0.88,7.84,0.54,5.32,0.85,8.12,0.34,1
270,11.8,781,7.4,0.46,1.17,9.95,0.33,6.02,1.09,13.25,0.32,1
257,6.6,401,7.9,0.61,0.1,8.45,0.38,4.96,1.57,9.36,0.5,0
264,7.9,380,7.2,0.33,0.88,11.16,0.49,3.51,0.96,10.85,0.21,1
276,11.2,475,7.5,0.35,0.39,4.52,0.52,6.32,0.54,8.62,0.34,1
270,8.6,454,7.52,0.41,0.68,7.84,0.66,4.21,1.08,11.47,0.44,1
213,7.5,306,7.63,0.51,0.59,8.45,0.39,3.2,1.77,9.63,0.32,0
157,6.8,760,7.71,0.73,0.2,6.33,0.54,1.6,0.39,18.05,0.36,0
207,7.5,306,7.72,0.72,0.39,10.56,0.26,3.25,1.25,4.85,0.21,0
151,7.2,465,7.53,0.43,1.17,8.14,0.37,4.15,0.98,7.32,0.34,0
201,7.7,507,7.82,0.43,0.78,7.84,0.55,6.32,0.63,13.85,0.25,0
220,9,338,7.52,0.84,0.1,3.92,0.42,2.85,1.54,11.25,0.17,0
207,8.6,454,7.44,0.41,0.88,4.22,0.6,3.02,0.87,6.32,0.5,0
151,7.9,380,7.42,0.62,0.29,5.43,0.28,4.15,0.63,7.54,0.25,0
163,6.1,296,7.34,0.44,0.39,7.24,0.33,9.62,0.42,15.22,0.53,0
276,8.6,486,7.52,0.52,0.68,4.83,0.38,4.15,1.02,9.02,0.27,1
270,8.3,465,7.29,0.63,0.1,8.45,0.45,7.62,1.63,11.52,0.42,1
69,8.1,422,7.42,0.53,0.59,6.33,0.41,3.52,0.89,18.63,0.32,0
307,103.1,232,7.25,0.82,0.49,5.13,0.27,6.25,1.02,10.25,0.21,1
31,78.9,433,7.72,0.62,0.29,8.75,0.33,4.05,0.54,6.32,0.25,0
320,63.6,306,7.61,0.42,1.07,10.86,0.28,8.35,0.78,7.54,0.53,1
314,61.4,359,7.35,0.42,0.88,5.13,0.56,3.14,1.02,14.02,0.59,1
270,70.2,750,7.77,0.34,0.39,6.33,0.35,6.52,1.86,18.52,0.27,1
276,68,296,7.65,0.53,0.68,8.75,0.29,4.12,1.32,11.25,0.4,1
270,65.8,306,8.02,0.64,0.2,11.16,0.36,8.06,0.93,9.62,0.53,1
69,74.6,454,7.72,0.56,0.59,7.54,0.24,3.45,1.25,8.05,0.21,0
276,81.1,380,7.71,0.71,0.78,3.92,0.35,2.21,1.54,4.51,0.5,1
270,68,317,7.51,0.53,1.07,8.45,0.28,1.59,0.84,6.32,0.25,1
301,63.6,327,7.7,0.53,0.88,4.22,0.57,6.32,1.25,14.25,0.32,1
270,70.2,401,7.51,0.7,1.17,6.64,0.49,4.02,0.36,7.54,0.36,1
276,61.4,422,7.44,0.54,0.88,4.83,0.26,1.87,0.87,11.25,0.21,1
107,74.6,486,7.53,0.58,0.68,6.94,0.35,6.25,1.25,8.32,0.29,0
75,59.2,549,7.5,0.46,0.1,10.56,0.28,3.05,0.93,6.32,0.69,0
207,74.6,686,7.41,0.57,1.07,4.22,0.51,4.2,1.25,9.25,0.46,1
100,74.6,412,7.51,0.45,0.78,7.54,0.26,3.54,1.63,14.25,0.29,0
207,78.9,718,7.29,0.52,0.2,5.43,0.37,6.02,0.85,18.22,0.46,1
144,81.1,401,7.41,0.61,0.68,6.64,0.44,7.51,1.25,10.25,0.34,0
213,98.7,359,7.34,0.82,0.88,3.92,0.51,3.21,1.03,3.28,0.63,1
201,74.6,454,7.33,0.56,0.39,7.84,0.28,6.54,1.87,9.63,0.29,1
151,85.5,422,8.12,0.46,0.49,9.65,0.36,7.02,0.84,14.52,0.55,0
144,70.2,581,7.43,0.53,0.29,5.13,0.29,5.12,1.25,10.25,0.61,0
282,72.4,549,7.62,0.63,0.1,3.32,0.37,6.32,1.63,7.54,0.46,1
207,76.8,560,7.42,0.42,0.78,7.54,0.48,4.15,1.02,13.25,0.29,1
220,9,454,7.03,0.53,0.68,3.62,0.22,9.03,1.87,10.58,0.21,0
276,12.9,401,7.91,0.52,0.2,7.54,0.26,2.15,0.84,6.33,0.71,1
282,13.2,433,7.02,0.81,0.1,4.22,0.37,6.32,0.93,14.25,0.29,1
264,12.1,560,7.44,0.53,1.07,10.86,0.48,1.25,1.02,10.25,0.42,1
195,9.4,539,7.58,0.76,0.88,8.75,0.56,7.02,1.33,7.54,0.34,0
188,9.2,444,7.32,0.49,0.59,3.92,0.52,3.25,1.58,6.32,0.74,0
226,9,422,7.43,0.71,0.88,8.14,0.48,5.22,0.78,9.25,0.42,0
213,9.6,729,7.8,0.49,0.2,4.22,0.37,8.33,0.65,10.25,0.29,0
201,9,454,7.01,0.47,0.68,6.64,0.54,1.56,1.25,8.54,0.46,0
207,7.7,465,7.51,0.62,0.29,4.83,0.28,6.32,0.98,15.26,0.32,0
220,12.3,760,7.02,0.65,0.24,23.9,0.16,0.76,0.36,4.65,0.53,0
276,9.4,486,7.04,0.74,0.24,23.9,0.16,0.76,0.36,4.65,0.53,1
226,10.3,612,7.05,0.48,0.41,4.5,0.31,0.44,0.44,6.2,0.71,0
207,9.4,813,7.01,0.38,0.46,9.9,0.39,0.39,0.52,5.37,0.64,1
270,11.4,655,7.05,0.62,0.51,7.1,0.44,1.11,0.23,1.88,1.17,1
295,10.7,644,7.08,0.73,0.57,6.7,0.44,0.42,0.51,6.33,0.85,1
238,8.3,412,7.06,0.36,0.7,4.6,0.31,0.34,0.63,7.13,0.65,0
207,9.4,444,7.1,0.64,0.51,10.8,0.38,0.27,0.61,6.41,0.77,0
182,9.2,465,7.4,0.6,0.51,6.8,0.42,1.24,0.31,10.23,0.84,0
232,8.8,665,7.5,0.37,0.41,4.7,0.5,0.21,0.21,2.11,0.51,0
289,10.7,475,7.35,0.63,0.24,3.7,0.4,0.31,0.38,6.11,0.31,1
195,12.5,507,7.34,0.51,0.46,4.8,0.36,0.51,0.35,10.22,0.52,0
207,10.7,391,7.29,0.82,0.62,4.7,0.41,1.09,0.42,3.52,0.91,0
238,9.9,623,7.28,0.58,0.27,29.8,0.23,0.65,0.23,4.79,0.5,0
201,11.4,834,7.25,0.47,0.41,5.4,0.41,0.61,0.24,6.62,0.52,0
345,9.6,422,7.37,0.49,0.38,7.1,0.37,1.71,0.27,6.23,0.77,1
238,10.3,454,7.41,0.66,0.68,2.7,0.4,1.32,0.38,3.12,0.85,0
201,10.5,444,7.28,0.88,0.46,6.6,0.34,1.31,0.47,6.33,0.77,0
232,9.9,454,7.45,0.39,0.65,6.6,0.42,3.11,0.39,1.17,1.29,0
314,8.3,486,7.41,0.42,0.57,5.9,0.35,1.02,0.41,9.86,0.71,1
245,9.2,391,7.58,0.81,0.84,17.1,0.31,1.22,0.44,3.14,0.87,0
351,7.2,581,7.8,0.56,0.54,8.4,0.42,1.12,0.33,1.11,1.13,1
264,9.9,454,7.4,0.33,0.73,5.1,0.42,0.81,0.23,4,1.44,1
364,7,391,7.9,0.57,0.51,6.7,0.34,0.53,0.31,1.72,1.22,1
377,8.1,549,7.5,0.62,0.32,12.7,0.28,0.96,0.26,3.31,0.43,1
282,5.3,697,7.6,0.58,0.46,6.4,0.3,0.34,0.22,1.88,0.07,1
276,8.6,570,7.5,0.36,0.59,3.4,0.42,0.79,0.2,3.16,1.36,1
320,3.9,507,7.4,0.34,0.51,4.7,42,44,0.42,1.22,1.17,1
276,7.9,433,7.9,0.61,0.41,5.9,0.4,0.41,0.22,1.21,1.12,1
370,12.7,317,8.1,0.52,0.46,6.7,0.24,0.52,0.27,1.31,1.23,2
207,7,623,7.5,0.59,0.43,8.9,0.42,0.62,0.27,3.11,1.32,0
169,6.8,602,8.3,0.44,0.22,4.1,0.37,0.24,0.33,3.42,2.13,0
345,4.4,686,8,0.56,0.35,7.7,0.4,0.22,0.24,2.71,1.12,1
333,7.2,560,7.6,0.51,0.59,5.9,0.4,0.81,0.24,1.13,1.42,1
188,11.4,602,7.9,0.6,0.51,3.7,0.41,0.62,0.34,2.44,1.88,0
364,6.8,444,7.5,0.55,24,8.2,38,34,0.21,4.14,1.21,1
326,10.1,803,7.4,0.53,0.57,6,0.37,0.98,0.37,1.43,1.29,1
351,8.1,570,7.3,0.3,0.51,4.7,0.34,0.3,0.41,4.23,2.11,1
377,5.3,623,7.2,0.58,0.32,9.9,0.09,0.9,0.21,0.11,0.43,1
307,8.6,750,7.4,0.63,0.73,4.4,0.38,0.58,0.32,3.31,0.86,1
295,12.5,560,7.9,0.51,0.51,21.4,0.13,1.06,0.22,1.42,0.15,1
213,7,718,7.5,0.47,0.3,1.8,0.22,1.29,0.09,3.09,0.33,0
226,4.4,760,7.8,0.32,0.57,5.9,0.42,0.21,0.22,3.41,0.73,0
301,7.2,528,7.9,0.59,0.51,5.3,0.35,0.31,0.23,4.43,0.71,2
314,6.8,602,7.4,0.55,0.19,17.2,0.2,0.73,0.25,31,0.47,2
270,10.5,475,7.8,0.37,0.51,7.1,0.34,1.13,0.22,4.66,0.61,2
295,7.9,623,7.3,0.54,0.19,17,0.13,4.82,0.17,10.6,0.25,1
245,7.5,570,7,0.69,0.51,8.8,0.19,1.47,0.24,12.59,0.36,1
282,12.9,612,7.9,0.51,0.41,6.6,0.41,1.29,0.33,6.21,0.61,1
264,7.7,380,7.2,0.36,0.32,6.8,0.19,1.02,0.19,18.82,0.46,1
339,8.1,560,7.5,0.73,0.54,2.4,0.43,0.6,0.19,2.69,1.3,1
289,7,444,7.6,0.58,0.46,4.7,0.46,1.09,0.27,6.31,0.35,1
320,65.8,528,7.5,0.52,0.49,1.5,0.11,1.14,0.2,13.92,0.29,2
345,76.8,676,7.1,0.7,0.38,8.2,0.34,0.83,0.27,6.13,0.32,2
333,7.2,549,7.4,0.66,0.46,7.2,0.28,1.87,0.27,13.38,0.47,1
301,111.8,486,7.5,0.54,0.43,6.5,0.25,1.57,0.23,18.71,0.35,1
314,7.9,581,7.9,0.58,0.49,4.8,0.4,0.68,0.21,8.91,1.24,1
326,7.5,612,8.2,0.5,0.57,1.6,0.22,2.18,0.14,18.06,0.5,1
358,8.3,517,8.1,0.45,0.46,7.1,0.22,1.61,0.3,13.14,0.41,1
320,6.6,602,8,0.52,0.35,7.2,0.34,0.49,0.31,1.27,0.47,1
370,125,528,8.1,0.57,0.51,2.7,0.26,1.85,0.1,0.26,0.38,2
339,6.8,560,8,0.61,0.62,8.9,0.07,1.5,0.19,30.48,0.35,1
226,15.1,549,7.2,0.59,0.46,5.1,0.36,1.7,0.29,6.59,1.69,1
326,7.5,433,8.1,0.76,0.41,27.3,0.23,1.22,0.38,1.38,0.49,1
232,11.4,570,8.1,0.54,0.41,7.1,0.31,0.63,0.42,4.32,1.13,1
220,7.7,517,8.3,0.73,0.46,6.4,0.35,0.53,0.42,3.77,0.86,0
301,7.2,591,8,0.75,0.32,31,0.19,1.24,0.34,14.31,0.43,1
351,5.7,581,7.4,0.61,0.78,5.8,0.44,1.13,0.22,21.32,1.49,1
282,12.7,465,7.5,0.63,0.3,24.4,0.09,1.03,0.25,9.35,0.39,1
364,7.7,602,7.9,0.53,0.32,10.78,0.7,1.21,0.22,7.45,0.34,1
339,11,623,8.3,0.67,0.32,3.7,0.28,1.36,0.18,13.92,0.19,2
383,118.4,665,8.1,0.6,0.65,8.7,0.4,0.67,0.34,3.13,1.41,2
370,7,528,7.5,0.56,0.73,7.1,0.37,0.74,0.38,1.14,1.35,1
295,8.1,803,8,0.32,0.78,6.7,0.34,0.77,0.18,7.81,1.24,1
270,9.4,539,8.3,0.69,0.76,5.9,0.31,0.81,0.23,1.29,0.79,1
377,8.6,549,8.1,0.55,0.57,3.8,0.37,1.11,0.21,1.12,1.17,1
220,7.2,507,8,0.38,0.78,4.7,0.4,0.72,0.17,14.02,1.26,0
207,11.2,317,7.4,0.32,0.62,6.6,0.34,0.78,0.28,1.21,0.49,0
264,7.7,539,7.9,0.49,0.65,4.4,0.36,0.83,0.28,1.01,0.57,1
220,7,781,7.5,0.54,0.76,1.5,0.32,0.77,0.18,8.14,1.29,0
213,12.5,549,7.8,0.1,0.51,4.7,0.34,1.22,0.21,1.82,0.84,1
370,6.6,591,7.3,0.38,0.65,0.64,0.36,0.77,0.18,2.11,1.18,1
383,14,718,7.8,0.41,0.62,7.1,0.37,0.66,0.22,2.31,1.31,2
351,8.6,771,7.9,0.45,0.59,4.9,0.38,0.74,0.22,3.13,0.65,1
377,11.2,623,7.8,0.64,0.54,3.8,0.37,0.88,0.31,1.13,0.85,2
364,11.4,602,7.3,0.33,0.7,1.2,0.34,0.88,0.26,13.71,1.51,2
333,12.3,686,7.4,0.57,0.41,6.4,0.34,1.29,0.27,0.84,1.27,1
301,6.8,539,7.5,0.3,0.57,4.7,0.4,1.13,0.3,8.14,0.8,1
201,8.3,591,7.6,0.68,0.57,5.9,0.42,0.81,0.37,7.35,0.71,0
358,10.7,665,7.3,0.62,0.62,4.1,0.44,0.67,0.27,10.61,1.49,2
345,8.1,634,7.1,0.56,0.59,7.2,0.33,0.47,0.41,2.29,0.65,1
370,7.2,581,7.3,0.34,0.49,5.5,0.36,1.33,0.31,8.23,0.71,1
257,4.4,507,7.1,0.75,0.68,6.5,0.4,0.97,0.24,2.75,1.46,0
339,8.3,549,7.5,0.31,0.65,8.4,0.44,0.44,0.31,3.17,1.27,1
377,7.9,602,7.8,0.55,0.86,6.3,0.42,0.69,0.83,7.6,1.84,1
351,9.6,623,7.9,0.43,0.57,5.9,0.37,1.28,0.41,9.53,1.17,1
339,6.8,570,7.5,0.79,0.59,1.7,0.13,1.45,0.33,2.72,0.36,1
201,12.9,433,7.8,0.46,0.65,2.5,0.09,1.44,0.2,19.69,0.22,1
345,7.5,528,7.9,0.82,0.65,2.5,0.09,1.44,0.2,19.69,0.22,1
333,8.3,665,7.3,0.3,0.46,7.2,0.27,1.87,0.47,13.38,0.28,1
351,7,549,7.5,0.37,0.3,6.3,0.21,0.71,0.5,3.11,0.09,1
295,14.5,612,8.2,0.38,0.49,7.54,0.36,2.25,0.69,12.36,0.48,1
282,9.2,676,8,0.62,0.78,11.46,0.47,7.15,1.02,4.51,0.25,1
257,11.6,433,7.4,0.73,0.1,4.22,0.25,3.26,1.24,9.62,0.42,1
270,12.1,401,7.9,0.36,0.78,8.45,0.21,9.05,0.77,14.55,0.17,1
289,14.5,549,7.3,0.64,1.07,11.16,0.34,4.55,0.53,6.32,0.29,1
301,13.6,496,7.8,0.6,0.88,8.45,0.51,6.28,1.25,17.54,0.46,1
295,12.5,412,7.2,0.37,0.39,6.64,0.27,1.05,1.39,11.58,0.25,1
276,15.4,433,7.3,0.63,0.88,5.43,0.33,6.25,0.54,7.54,0.31,1
326,13.4,454,7.9,0.51,0.49,7.84,0.28,8.25,0.33,13.02,0.32,1
270,13.8,845,7.5,0.82,0.1,3.32,0.45,1.32,0.78,8.54,0.42,1
289,14.7,750,8.1,0.58,0.68,5.13,0.37,4.51,0.59,11.63,0.31,1
314,8.3,591,8,0.47,1.07,11.76,0.25,3.25,0.62,19.52,0.61,1
345,9.9,507,7.9,0.49,0.78,8.45,0.59,7.54,0.37,14.33,0.34,1
307,6.8,370,7.3,0.66,0.2,7.24,0.51,6.05,1.36,10.56,0.42,1
339,7.5,475,7.2,0.88,0.78,4.83,0.34,8.21,1.07,7.54,0.55,1
314,10.3,676,7.9,0.39,0.1,3.32,0.28,3.25,1.94,9.36,0.67,1
333,12.7,887,7.4,0.42,0.68,5.43,0.34,1.96,2.01,14.52,0.34,1
351,14.3,560,7.6,0.37,1.07,8.14,0.28,1.05,0.87,13.26,0.48,1
358,10.1,602,7.8,0.32,0.29,9.95,0.33,2.51,0.51,10.85,0.42,1
301,10.3,412,7.3,0.77,0.78,4.22,0.52,7.15,0.39,7.54,0.74,1
326,11.8,444,7.4,0.4,0.1,8.45,0.48,3.25,0.46,9.55,0.88,1
314,8.1,644,7.8,0.61,0.88,3.92,0.29,9.02,1.12,8.52,0.29,1
320,8.6,380,7.94,0.69,0.29,8.45,0.41,4.15,0.77,4.15,0.5,1
358,12.9,422,7.02,0.48,0.68,9.95,0.39,3.22,0.91,6.32,0.65,1
345,13.6,444,7.85,0.38,0.1,5.13,0.35,6.21,0.63,12.05,0.34,1
314,14.9,359,7.04,0.43,0.78,6.33,0.42,4.15,0.54,10.52,0.42,1
333,13.8,401,7.62,0.51,0.59,10.56,0.51,2.11,0.71,8.54,0.31,1
339,8.3,380,7.67,0.32,0.39,10.26,0.33,8.02,1.25,3.25,0.52,1
326,10.3,507,7.88,0.71,0.1,4.52,0.28,3.02,1.09,7.15,0.67,1
351,10.7,623,7.96,0.51,0.29,8.45,0.22,4.51,0.38,9.06,0.34,1
301,14.3,370,7.05,0.95,0.88,5.13,0.34,6.25,1.22,15.32,0.55,1
251,13.2,496,7.87,0.4,0.39,10.26,0.29,1.25,0.94,11.56,0.21,1
326,12.7,454,7.01,0.42,0.2,6.64,0.43,7.15,0.37,17.32,0.52,1
289,16,327,7.03,0.5,0.49,5.43,0.51,3.02,1.22,10.58,0.74,1
276,17.3,454,7.91,0.46,1.07,6.33,0.33,4.15,1.06,12.56,0.27,1
245,6.6,475,7.02,0.51,0.78,5.13,0.28,3.25,0.93,7.54,0.53,1
345,12.7,412,7.44,0.29,0.39,11.76,0.24,8.06,0.57,16.32,0.25,1
320,14.3,465,7.58,0.44,0.49,4.52,0.39,6.21,1.22,14.05,0.55,1
270,13.2,422,7.32,0.68,0.59,3.92,0.45,1.05,1.05,19.32,0.65,1
333,14.3,507,7.43,0.61,0.88,7.24,0.37,1.26,1.37,12.03,0.29,2
358,13.2,444,7.8,0.29,0.49,4.52,0.26,5.26,1.25,6.25,0.48,2
245,13.8,391,7.01,0.64,0.88,7.84,0.35,1.25,0.96,12.03,0.23,1
314,12.7,591,7.51,0.56,0.1,9.65,0.42,3.02,0.53,7.54,0.53,1
307,12.9,539,7.34,0.85,1.07,4.52,0.53,7.54,1.22,4.51,0.61,1
326,14.9,655,7.37,0.87,0.78,7.24,0.47,6.33,0.63,8.22,0.27,1
320,14.3,422,7.41,0.42,0.59,3.32,0.25,1.52,1.52,12.05,0.5,1
345,10.5,570,7.43,0.42,0.68,5.13,0.36,4.52,1.02,6.32,0.34,1
307,11.6,496,7.52,0.93,0.2,8.45,0.54,9.62,0.84,9.33,0.44,1
295,2.9,612,7.35,0.52,0.39,9.95,0.48,8.05,0.63,15.25,0.32,1
276,10.7,655,7.47,0.51,1.07,7.84,0.26,10.22,0.75,14.22,0.4,1
301,12.7,422,8.19,0.57,0.29,4.22,0.35,6.32,1.02,13.25,0.29,1
282,15.6,602,7.38,0.82,0.88,8.45,0.29,4.51,0.74,8.54,0.42,1
295,13.4,412,7.35,0.7,0.49,9.95,0.22,7.54,0.93,11.25,0.34,1
326,11.8,444,8.02,0.75,0.78,7.54,0.57,2.02,1.24,21.02,0.46,1
358,12.5,581,7.42,0.85,0.2,8.14,0.46,1.89,1.05,10.25,0.5,1
314,6.6,444,7.23,0.28,0.59,4.22,0.35,3.22,0.87,7.54,0.63,1
301,9.4,517,8.1,0.38,0.1,6.64,0.26,7.54,1.32,6.23,0.8,1
220,9,454,7.29,0.84,0.29,4.52,0.39,4.15,0.84,8.05,0.29,1
276,12.9,401,7.35,0.85,0.68,3.92,0.22,3.02,1.28,14.21,0.42,1
282,13.2,433,7.34,0.59,0.88,8.45,0.41,8.05,1.36,9.02,0.61,1
264,12.1,560,7.9,0.63,0.39,4.22,0.33,3.22,0.75,11.65,0.29,1
195,94.3,539,7.49,0.42,0.59,6.64,0.53,7.12,0.87,4.25,0.53,0
188,92.1,444,7.34,0.43,0.2,7.84,0.34,6.33,1.25,9.6,0.27,0
226,89.9,422,7.37,0.62,0.49,4.52,0.57,9.21,1.36,13.52,0.42,1
213,96.5,729,7.41,0.38,1.07,5.73,0.49,6.3,1.27,6.21,0.32,1
201,89.9,454,7.43,0.53,0.78,6.94,0.55,8.21,2.01,7.54,0.17,1
207,76.8,465,7.52,0.69,0.68,4.22,0.38,4.56,0.54,3.25,0.5,1
220,122.8,760,7.35,0.67,0.68,7.54,0.42,7.02,0.96,8.05,0.25,1
276,94.3,486,7.47,0.41,0.49,3.92,0.28,3.85,1.25,11.03,0.42,1
226,103.1,612,8.19,0.63,0.68,6.64,0.49,8.05,1.45,6.05,0.25,1
207,94.3,813,7.38,0.34,0.1,4.52,0.52,6.96,0.74,9.21,0.29,1
270,114,655,7.35,0.39,0.59,9.95,0.45,7.41,1.32,8.12,0.46,1
295,107.5,644,8.02,0.42,0.49,4.52,0.33,8.02,1.96,12.36,0.36,1
238,83.3,412,7.42,0.72,0.88,6.64,0.5,4.58,2.05,6.35,0.69,1
207,94.3,444,7.23,0.49,0.39,4.22,0.41,9.63,1.54,11.06,0.53,1
182,92.1,465,8.1,0.68,0.29,5.13,0.39,4.21,2.06,7.35,0.4,0
232,87.7,665,7.29,0.75,0.1,7.84,0.48,7.53,0.75,15.21,0.55,1
289,107.5,475,7.35,0.43,0.88,3.62,0.52,6.3,0.48,6.03,0.34,1
195,125,507,7.34,0.56,1.27,6.33,0.41,7.04,0.9,4.52,0.48,2
207,107.5,391,7.29,0.58,0.59,4.52,0.27,8.62,1.25,12.32,0.23,1
238,98.7,623,7.28,0.44,0.1,5.73,0.37,4.51,1.47,5.03,0.27,1
201,114,834,7.25,0.43,1.07,6.64,0.54,8.35,0.68,9.65,0.5,1
345,96.5,422,7.37,0.62,0.2,5.43,0.48,7.05,0.6,6.32,0.34,2
238,103.1,454,7.41,0.46,0.88,4.22,0.52,6.51,0.53,11.05,0.21,1
201,105.3,444,7.28,0.43,0.39,7.84,0.32,9.53,1.05,15.47,0.32,1
232,98.7,454,7.45,0.44,0.59,3.92,0.24,4.51,0.68,3.05,0.5,1
314,83.3,486,7.41,0.8,0.68,7.54,0.51,7.63,1.36,12.06,0.25,2
195,94.3,813,7.33,0.74,0.29,4.22,0.38,3.52,1.89,11.48,0.4,0
226,92.1,655,7.29,0.72,0.1,6.64,0.5,8.05,0.54,14.21,0.4,1
238,114,708,7.43,0.59,0.88,5.13,0.46,9.26,0.63,6.05,0.55,1
182,89.9,454,7.55,0.48,0.68,6.94,0.32,4.15,1.02,7.15,0.67,0
182,92.1,697,7.38,0.83,0.39,5.43,0.44,7.52,1.98,15.23,0.52,0
213,107.5,612,7.37,0.45,0.39,5.43,0.44,7.52,1.98,15.23,0.52,1
226,87.7,708,7.34,0.39,0.88,9.65,0.46,3.5,0.45,13.56,0.34,1
213,120.6,623,7.41,0.42,0.49,4.52,0.59,6.53,0.86,3.56,0.55,1
333,10.7,444,7.43,0.73,0.49,4.52,0.59,6.53,0.86,3.56,0.55,1
238,7.7,454,7.41,0.88,0.29,4.22,0.38,7.05,1.02,7.02,0.69,0
201,9.4,697,7.4,0.51,1.17,5.43,0.26,4.35,1.63,9.54,0.53,0
195,9.2,454,7.52,0.49,0.88,6.64,0.38,8.36,0.34,4.02,0.32,0
270,8.1,444,7.55,0.53,0.29,4.22,0.63,7.02,1.96,11.56,0.29,1
195,8.8,454,7.47,0.53,1.07,5.13,0.4,4.96,2.01,3.2,0.53,0
213,10.7,771,7.29,0.52,0.68,5.73,0.49,8.51,0.75,15.62,0.36,0
201,8.3,697,7.48,0.81,0.2,6.64,0.53,5.6,0.86,11.3,0.63,0
232,10.7,760,7.35,0.53,0.49,3.92,0.42,9.05,1.32,9.32,0.5,0
226,9.2,454,7.44,0.76,0.59,6.64,0.5,6.35,1.5,5.21,0.25,0
257,7.5,444,7.47,0.49,0.98,5.43,0.37,7.41,0.8,11.05,0.32,0
245,8.3,507,7.42,0.71,1.27,6.33,0.61,8.05,1.32,6.32,0.29,0
245,11.4,549,7.65,0.49,1.07,4.22,0.59,4.05,1.87,9.54,0.42,0
264,9,486,7.24,0.47,0.59,9.95,0.29,9.35,1.23,11.65,0.34,1
276,9.2,370,7.62,0.62,0.59,9.95,0.29,9.35,1.23,11.65,0.34,1
320,13.8,391,7.38,0.65,0.68,7.54,0.38,5.41,0.89,9.05,0.63,2
264,10.3,475,7.49,0.74,0.1,5.13,0.51,5.8,0.51,7.32,0.21,0
333,14.9,422,8.26,0.48,1.17,3.32,0.6,7.62,1.02,11.65,0.29,2
295,14.5,612,8.4,0.38,0.39,6.94,0.39,6.23,0.63,9.06,0.5,1
282,9.2,676,7.95,0.62,0.59,5.43,0.44,4.12,1.32,11.41,0.34,1
257,11.6,433,7.58,0.73,0.29,4.22,0.29,3.25,2.1,6.5,0.23,0
270,12.1,401,7.47,0.36,0.78,6.64,0.37,5.21,0.86,13.05,0.48,1
289,14.5,549,7.18,0.64,0.1,3.92,0.41,7.15,0.75,6.03,0.36,1
301,13.6,496,7.2,0.6,0.59,8.75,0.59,3.52,1.09,12.05,0.42,1
295,12.5,412,7.12,0.37,0.2,4.22,0.36,8.02,1.33,9.21,0.34,1
276,15.4,433,7.01,0.63,1.17,6.94,0.51,9.06,0.45,4.51,0.63,1
326,13.4,454,7.13,0.51,0.88,5.13,0.29,4.85,0.78,9.32,0.27,2
270,13.8,845,7,0.82,0.1,5.73,0.48,3.06,0.61,10.58,0.5,1
289,14.7,750,7.01,0.58,0.29,6.33,0.63,8.35,1.53,13.02,0.34,1
314,8.3,591,7,0.47,0.68,10.86,0.44,4.6,1.96,6.57,0.55,1
345,9.9,507,7,0.49,0.1,7.24,0.5,6.32,1.55,9.03,0.21,1
307,6.8,370,7.02,0.66,0.2,5.43,0.68,4.88,0.52,8.51,0.25,1
339,7.5,475,7,0.88,0.98,6.94,0.54,7.15,0.39,10.59,0.34,1
314,10.3,676,7.03,0.39,1.07,5.43,0.39,6.23,0.47,2.69,0.5,1
333,12.7,887,7.1,0.42,0.88,6.33,0.75,4.96,1.08,12.03,0.59,2
351,14.3,560,7.82,0.37,0.39,5.13,0.36,5.51,1.55,9.65,0.27,2
358,10.1,602,7.01,0.32,0.68,8.75,0.42,9.23,2.04,14.52,0.55,1
301,10.3,412,7,0.77,0.98,9.65,0.66,4.53,0.96,10.63,0.5,1
326,11.8,444,7.33,0.4,0.1,4.22,0.51,9.03,0.54,6.58,0.67,2
314,8.1,644,7.41,0.61,0.29,7.54,0.27,4.59,1.05,4.51,0.32,1
320,8.6,380,7.94,0.69,0.98,3.92,0.48,7.63,1.78,9.3,0.55,1
358,12.9,422,7.02,0.48,1.27,5.43,0.29,3.56,0.63,11.56,0.42,2
345,13.6,444,7.85,0.38,0.1,6.33,0.35,8.54,1.02,9.64,0.65,2
314,14.9,359,7.04,0.43,0.68,5.13,0.17,6.11,0.88,3.74,0.21,2
333,13.8,401,7.62,0.51,0.49,3.92,0.26,3.05,1.03,9.05,0.34,2
339,8.3,380,7.67,0.32,0.88,5.13,0.33,7.96,1.65,12.47,0.44,1
326,10.3,507,7.88,0.71,0.39,8.75,0.21,8.63,2.01,8.63,0.32,1
351,10.7,623,7.96,0.51,0.29,7.24,0.36,4.69,0.69,11.03,0.69,1
264,9,486,7.24,0.47,0.1,3.92,0.35,8.26,0.45,7.98,0.4,1
276,9.2,370,7.62,0.62,0.49,6.64,0.42,3.57,0.63,6.48,0.32,1
320,13.8,391,7.38,0.65,1.07,5.43,0.58,4.58,1.02,13.25,0.53,2
264,10.3,475,7.49,0.74,0.88,10.56,0.45,7.36,1.87,10.63,0.63,0